Aurelia.sp,Engraulis.japonicus
Aurelia.sp,Plotosus.lineatus
Aurelia.sp,Sebastes.inermis
Aurelia.sp,Trachurus.japonicus
Aurelia.sp,Girella.punctata
Aurelia.sp,Pseudolabrus.sieboldi
Aurelia.sp,Halichoeres.poecilopterus
Aurelia.sp,Halichoeres.tenuispinnis
Aurelia.sp,Chaenogobius.gulosus
Aurelia.sp,Pterogobius.zonoleucus
Aurelia.sp,Tridentiger.trigonocephalus
Aurelia.sp,Siganus.fuscescens
Aurelia.sp,Sphyraena.pinguis
Aurelia.sp,Rudarius.ercodes
Engraulis.japonicus,Plotosus.lineatus
Engraulis.japonicus,Sebastes.inermis
Engraulis.japonicus,Trachurus.japonicus
Engraulis.japonicus,Girella.punctata
Engraulis.japonicus,Pseudolabrus.sieboldi
Engraulis.japonicus,Halichoeres.poecilopterus
Engraulis.japonicus,Halichoeres.tenuispinnis
Engraulis.japonicus,Chaenogobius.gulosus
Engraulis.japonicus,Pterogobius.zonoleucus
Engraulis.japonicus,Tridentiger.trigonocephalus
Engraulis.japonicus,Siganus.fuscescens
Engraulis.japonicus,Sphyraena.pinguis
Engraulis.japonicus,Rudarius.ercodes
Plotosus.lineatus,Sebastes.inermis
Plotosus.lineatus,Trachurus.japonicus
Plotosus.lineatus,Girella.punctata
Plotosus.lineatus,Pseudolabrus.sieboldi
Plotosus.lineatus,Halichoeres.poecilopterus
Plotosus.lineatus,Halichoeres.tenuispinnis
Plotosus.lineatus,Chaenogobius.gulosus
Plotosus.lineatus,Pterogobius.zonoleucus
Plotosus.lineatus,Tridentiger.trigonocephalus
Plotosus.lineatus,Siganus.fuscescens
Plotosus.lineatus,Sphyraena.pinguis
Plotosus.lineatus,Rudarius.ercodes
Sebastes.inermis,Trachurus.japonicus
Sebastes.inermis,Girella.punctata
Sebastes.inermis,Pseudolabrus.sieboldi
Sebastes.inermis,Halichoeres.poecilopterus
Sebastes.inermis,Halichoeres.tenuispinnis
Sebastes.inermis,Chaenogobius.gulosus
Sebastes.inermis,Pterogobius.zonoleucus
Sebastes.inermis,Tridentiger.trigonocephalus
Sebastes.inermis,Siganus.fuscescens
Sebastes.inermis,Sphyraena.pinguis
Sebastes.inermis,Rudarius.ercodes
Trachurus.japonicus,Girella.punctata
Trachurus.japonicus,Pseudolabrus.sieboldi
Trachurus.japonicus,Halichoeres.poecilopterus
Trachurus.japonicus,Halichoeres.tenuispinnis
Trachurus.japonicus,Chaenogobius.gulosus
Trachurus.japonicus,Pterogobius.zonoleucus
Trachurus.japonicus,Tridentiger.trigonocephalus
Trachurus.japonicus,Siganus.fuscescens
Trachurus.japonicus,Sphyraena.pinguis
Trachurus.japonicus,Rudarius.ercodes
Girella.punctata,Pseudolabrus.sieboldi
Girella.punctata,Halichoeres.poecilopterus
Girella.punctata,Halichoeres.tenuispinnis
Girella.punctata,Chaenogobius.gulosus
Girella.punctata,Pterogobius.zonoleucus
Girella.punctata,Tridentiger.trigonocephalus
Girella.punctata,Siganus.fuscescens
Girella.punctata,Sphyraena.pinguis
Girella.punctata,Rudarius.ercodes
Pseudolabrus.sieboldi,Halichoeres.poecilopterus
Pseudolabrus.sieboldi,Halichoeres.tenuispinnis
Pseudolabrus.sieboldi,Chaenogobius.gulosus
Pseudolabrus.sieboldi,Pterogobius.zonoleucus
Pseudolabrus.sieboldi,Tridentiger.trigonocephalus
Pseudolabrus.sieboldi,Siganus.fuscescens
Pseudolabrus.sieboldi,Sphyraena.pinguis
Pseudolabrus.sieboldi,Rudarius.ercodes
Halichoeres.poecilopterus,Halichoeres.tenuispinnis
Halichoeres.poecilopterus,Chaenogobius.gulosus
Halichoeres.poecilopterus,Pterogobius.zonoleucus
Halichoeres.poecilopterus,Tridentiger.trigonocephalus
Halichoeres.poecilopterus,Siganus.fuscescens
Halichoeres.poecilopterus,Sphyraena.pinguis
Halichoeres.poecilopterus,Rudarius.ercodes
Halichoeres.tenuispinnis,Chaenogobius.gulosus
Halichoeres.tenuispinnis,Pterogobius.zonoleucus
Halichoeres.tenuispinnis,Tridentiger.trigonocephalus
Halichoeres.tenuispinnis,Siganus.fuscescens
Halichoeres.tenuispinnis,Sphyraena.pinguis
Halichoeres.tenuispinnis,Rudarius.ercodes
Chaenogobius.gulosus,Pterogobius.zonoleucus
Chaenogobius.gulosus,Tridentiger.trigonocephalus
Chaenogobius.gulosus,Siganus.fuscescens
Chaenogobius.gulosus,Sphyraena.pinguis
Chaenogobius.gulosus,Rudarius.ercodes
Pterogobius.zonoleucus,Tridentiger.trigonocephalus
Pterogobius.zonoleucus,Siganus.fuscescens
Pterogobius.zonoleucus,Sphyraena.pinguis
Pterogobius.zonoleucus,Rudarius.ercodes
Tridentiger.trigonocephalus,Siganus.fuscescens
Tridentiger.trigonocephalus,Sphyraena.pinguis
Tridentiger.trigonocephalus,Rudarius.ercodes
Siganus.fuscescens,Sphyraena.pinguis
Siganus.fuscescens,Rudarius.ercodes
Sphyraena.pinguis,Rudarius.ercodes
